use `1`;

-- Without Foreign keys;
  -- Πίνακας Συνάντηση
CREATE TABLE Συνάντηση (
  Ημερομηνία DATE,
  `θέμα συνάντησης` VARCHAR(255) PRIMARY KEY
);

-- Insert data into Συνάντηση
INSERT INTO Συνάντηση (Ημερομηνία, `θέμα συνάντησης`)
VALUES
  ('2023-05-20', 'Συζήτηση για τις νέες επενδύσεις'),
  ('2022-12-10', 'Συνάντηση με τον πελάτη ΑΒΓ Ltd.'),
  ('2023-03-05', 'Παρουσίαση νέου προϊόντος'),
  ('2022-09-18', 'Συνάντηση για τον συνεργάτη XYZ Inc.'),
  ('2024-01-07', 'Συζήτηση για την ανάπτυξη του κλάδου');

-- Table Συμμετέχοντες
CREATE TABLE Συμμετέχοντες (
  id INT(10) PRIMARY KEY AUTO_INCREMENT,
  `Όνομα Αεροσυνοδού` VARCHAR(255),
  `Όνομα Πιλότου` VARCHAR(255),
  `Όνομα Μέλους Ασφάλειας` VARCHAR(255),
  `Όνομα Τεχνικού` VARCHAR(255),
  `Θέμα Συνάντησης` VARCHAR(255),
  FOREIGN KEY (`Θέμα Συνάντησης`) REFERENCES Συνάντηση (`θέμα συνάντησης`)
);

-- Insert data into Συμμετέχοντες
INSERT INTO Συμμετέχοντες (`Όνομα Αεροσυνοδού`, `Όνομα Πιλότου`, `Όνομα Μέλους Ασφάλειας`, `Όνομα Τεχνικού`, `Θέμα Συνάντησης`)
VALUES
  ('Παπαδοπούλου', 'Νικολάου', 'Δημητρίου', 'Σωτηρίου', 'Παρουσίαση νέου προϊόντος'),
  ('Ανδρέου', 'Παπανδρέου', 'Κυριακού', 'Πέτρου', 'Συζήτηση για τις νέες επενδύσεις'),
  ('Μιχαηλίδου', 'Νικολάου', 'Παπαδόπουλος', 'Χριστοδούλου', 'Παρουσίαση νέου προϊόντος'),
  ('Κωνσταντινίδης', 'Παναγιωτίδης', 'Αναστασίου', 'Αθανασίου', 'Συζήτηση για την ανάπτυξη του κλάδου'),
  ('Λυκούργου', 'Πετρίδης', 'Μακρής', 'Κοντός', 'Παρουσίαση νέου προϊόντος'),
  ('Αγγελή', 'Νικολάου', 'Σταθόπουλος', 'Καραμανώλης', 'Συζήτηση για την ανάπτυξη του κλάδου'),
  ('Κωνσταντινίδης', 'Αγγελόπουλος', 'Κυριακού', 'Ανδρεάδης', 'Συνάντηση για τον συνεργάτη XYZ Inc.'),
  ('Αναγνωστοπούλου', 'Νικολάου', 'Καραγιάννης', 'Παπαδάκη', 'Παρουσίαση νέου προϊόντος'),
  ('Γεωργιάδης', 'Νικολάου', 'Σταυρού', 'Παπαγιάννη', 'Συζήτηση για τις νέες επενδύσεις'),
  ('Αγγελή', 'Πετρίδης', 'Παπαστεφάνου', 'Γεωργίου', 'Συζήτηση για τις νέες επενδύσεις');

  
CREATE TABLE `Ξενοδοχείο Προσωπικού` (
  `Όνομα ξενοδοχείου` varchar(255) PRIMARY KEY,
  `Ηλεκτρονική διεύθυνση` varchar(255),
  `Ταχυδρομική διεύθυνση` varchar(255)

);
INSERT INTO `Ξενοδοχείο Προσωπικού` (`Όνομα ξενοδοχείου`, `Ηλεκτρονική διεύθυνση`, `Ταχυδρομική διεύθυνση`) VALUES
('Ξενοδοχείο Ακρόπολις', 'akropolis.hotel@example.com', 'Οδός Ακρόπολης 1, Αθήνα'),
('Ξενοδοχείο Θάλασσα', 'thalassa.hotel@example.com', 'Παραλία Θάλασσας 10, Χαλκιδική'),
('Ξενοδοχείο Ολύμπιον', 'olympion.hotel@example.com', 'Οδός Ολύμπου 5, Θεσσαλονίκη'),
('Ξενοδοχείο Ηλιοσκόπιο', 'helioskopio.hotel@example.com', 'Οδός Ηλιοσκοπίου 2, Ρόδος'),
('Ξενοδοχείο Πελάγος', 'pelagos.hotel@example.com', 'Οδός Πελάγους 8, Ηράκλειο Κρήτης');


-- Πίνακας Τμήμα Τεστ
CREATE TABLE `Τμήμα Τεστ` (
    `Αριθμός Τμήματος Τεστ` int(10) PRIMARY KEY AUTO_INCREMENT,
    `Εξειδίκευση Τμήματος` varchar(255),
    `Αριθμός Τεχνικών` int(10),
    `Τεστ Αεροπλάνων - Όνομα τέστ` varchar(255)
);
INSERT INTO `Τμήμα Τεστ` (`Εξειδίκευση Τμήματος`, `Αριθμός Τεχνικών`, `Τεστ Αεροπλάνων - Όνομα τέστ`)
VALUES ('Πτητικά Δοκιμαστικά', 3, 'Τέστ Αεροπλάνου 1'),
       ('Μηχανολογικά Δοκιμαστικά', 5, 'Τέστ Αεροπλάνου 2'),
       ('Ηλεκτρονικά Δοκιμαστικά', 2, 'Τέστ Αεροπλάνου 3'),
       ('Στατικά Δοκιμαστικά', 4, 'Τέστ Αεροπλάνου 4'),
       ('Θερμοδυναμικά Δοκιμαστικά', 6, 'Τέστ Αεροπλάνου 5');
-- Πίνακας: Αεροδρόμιο
CREATE TABLE Αεροδρόμιο (
  Όνομα varchar(255) PRIMARY KEY
);
INSERT INTO Αεροδρόμιο (Όνομα)
VALUES
  ('Ελευθέριος Βενιζέλος'),
  ('Διεθνές Αεροδρόμιο Θεσσαλονίκης'),
  ('Κρατικός Αερολιμένας Ρόδου'),
  ('Αεροδρόμιο Ηρακλείου "Νίκος Καζαντζάκης"'),
  ('Κρατικός Αερολιμένας Χανίων');
  -- Πίνακας Συμμετέχοντες

-- Πίνακας Καύσιμα: 
CREATE TABLE Καύσιμα (
    Όνομα varchar(255) PRIMARY KEY,
    `Αριθμός Οκτανίων` int(10),
    `Τιμή ανα λίτρο` decimal(10, 2)
);
INSERT INTO Καύσιμα (Όνομα, `Αριθμός Οκτανίων`, `Τιμή ανα λίτρο`)
VALUES ('Κηροζίνη', 95, 1.59),
       ('Αβιατέριο', 98, 1.75),
       ('Αεροπλανέλαιο', 100, 2.05),
       ('Υγραέριο', 91, 1.40),
       ('Υδρογονάνθρακες', 99, 1.85);

-- Πίνακας Τύπος Αεροπλάνου
CREATE TABLE `Τύπος Αεροπλάνου` (
  `Χωρητικότητα Θέσεων` int(10),
  `Μέγιστη Απόσταση Διαδρομής` float,
   τύπος varchar(255) PRIMARY KEY
);
-- Πίνακας Τύπος Αεροπλάνου
INSERT INTO `Τύπος Αεροπλάνου` (`Χωρητικότητα Θέσεων`, `Μέγιστη Απόσταση Διαδρομής`, τύπος)
VALUES
  (200, 1500.75, 'Εκπαιδευτικά'),
  (150, 1200.25, 'Ιδιωτικό' ),
  (180, 1400.50, 'Στρατιωτικό'),
  (250, 1800.00, 'Επιβατικό'),
  (300, 2000.50, 'Επαγγελματικό');

-- With Foreign KEYS  
CREATE TABLE Πύλη (
  Κωδικός bigint(20) PRIMARY KEY,
  `Τύπος πύλης` varchar(255),
  `Όνομα αεροδρομίου` varchar(255),
  FOREIGN KEY (`Όνομα αεροδρομίου`) REFERENCES Αεροδρόμιο (Όνομα)
);
INSERT INTO Πύλη (Κωδικός, `Τύπος πύλης`, `Όνομα αεροδρομίου`)
VALUES
  (1234567890, 'Άφιξης', 'Ελευθέριος Βενιζέλος'),
  (9876543210, 'Αναχώρησης', 'Αεροδρόμιο Ηρακλείου "Νίκος Καζαντζάκης"'),
  (2468135790, 'Άφιξης', 'Κρατικός Αερολιμένας Ρόδου'),
  (1357924680, 'Αναχώρησης', 'Ελευθέριος Βενιζέλος'),
  (5678901234, 'Άφιξης', 'Κρατικός Αερολιμένας Χανίων');
  

 -- Πίνακας: Προσωπικό Ασφαλείας
 
CREATE TABLE `Προσωπικό Ασφαλείας` (
  `Μοναδικός κωδικός ασφαλείας` bigint(20) PRIMARY KEY,
FOREIGN KEY (`Μοναδικός κωδικός ασφαλείας`) REFERENCES Πύλη (Κωδικός)
);

INSERT INTO `Προσωπικό Ασφαλείας` (`Μοναδικός κωδικός ασφαλείας`)
VALUES
  (1234567890),
  (9876543210),
  (2468135790),
  (1357924680),
  (5678901234);
  
 -- Πίνακας: Καταγραφή Στοιχείων Επιβατών
CREATE TABLE `Καταγραφή Στοιχείων Επιβατών` (
  όνομα varchar(255) PRIMARY KEY,
  `Αριθμός πιστωτικών καρτών` bigint(20),
  Εισόδημα float,
  Ηλικία numeric(19, 0),
  Διεύθυνση varchar(255),
  `Αεροδρόμιο - Όνομα` varchar(255),
  FOREIGN KEY (`Αεροδρόμιο - Όνομα`) REFERENCES Αεροδρόμιο (Όνομα)
);
INSERT INTO `Καταγραφή Στοιχείων Επιβατών` (όνομα, `Αριθμός πιστωτικών καρτών`, `Εισόδημα`, `Ηλικία`, `Διεύθυνση`, `Αεροδρόμιο - Όνομα`)
VALUES
  ('Γίαννης Γεωργιάδης',1234567890, 50000.00, 35, 'Λεωφόρος Αθηνών 15, Πειραιάς', 'Ελευθέριος Βενιζέλος'),
  ('Βασίλης Παπαδόπουλος',9876543210, 25000.00, 28, 'Οδός Αριστοτέλους 7, Θεσσαλονίκη', 'Κρατικός Αερολιμένας Ρόδου'),
  ('Γιώργος Ιωαννίδης',2468135790, 40000.00, 45, 'Πλατεία Ερμού 12, Ρόδος', 'Κρατικός Αερολιμένας Ρόδου'),
  ('Χαράλαμπος Αναγωστάκης',1357924680, 35000.00, 31, 'Οδός Ελευθερίας 22, Χανιά', 'Αεροδρόμιο Ηρακλείου "Νίκος Καζαντζάκης"'),
  ('Μαρία Αγγελή',5678901234, 28000.00, 39, 'Λεωφόρος Ανδρέα Συγγρού 123, Αθήνα', 'Κρατικός Αερολιμένας Ρόδου');

-- Πίνακας Τεχνικοί
CREATE TABLE Τεχνικοί (
    Εξειδίκευση varchar(255) PRIMARY KEY,
    `Αριθμός Τμήματος Τεστ` int(10),
    FOREIGN KEY (`Αριθμός Τμήματος Τεστ`) REFERENCES `Τμήμα Τεστ` (`Αριθμός Τμήματος Τεστ`)
);
INSERT INTO Τεχνικοί (Εξειδίκευση, `Αριθμός Τμήματος Τεστ`)
VALUES ('Πτητικά Δοκιμαστικά', 1),
       ('Μηχανολογικά Δοκιμαστικά', 2),
       ('Ηλεκτρονικά Δοκιμαστικά', 1),
       ('Στατικά Δοκιμαστικά', 3),
       ('Θερμοδυναμικά Δοκιμαστικά', 2);
       
  -- Πίνακας Διαφημιστικός χώρος
CREATE TABLE `Διαφημιστικός χώρος` (
  όνομα varchar(255) PRIMARY KEY,
  Ιδιοκτήτης varchar(255),
  `Ημερομηνία λήξης συμβολαίου` date,
  `Αντίτιμο Πληρωμής` float,
  `Όνομα Αεροδρομίου` varchar(255),
  FOREIGN KEY (`Όνομα Αεροδρομίου`) REFERENCES Αεροδρόμιο (Όνομα)
);
INSERT INTO `Διαφημιστικός χώρος` (όνομα, Ιδιοκτήτης, `Ημερομηνία λήξης συμβολαίου`, `Αντίτιμο Πληρωμής`, `Όνομα Αεροδρομίου`)
VALUES
  ('SkyAds Lounge','χωρίς ιδιοκτήτη','0001-01-01',0,'Κρατικός Αερολιμένας Χανίων'),
  ('FlyHigh Billboards','Κωνσταντίνος Παπαδόπουλος', '2023-12-31', 1500.50, 'Ελευθέριος Βενιζέλος'),
  ('AirZone Promotions','Μαρία Ανδρέου', '2022-06-15', 800.75, 'Διεθνές Αεροδρόμιο Θεσσαλονίκης'),
  ('CloudNine Advertisements','χωρίς ιδιοκτήτη','0001-01-01',0,'Διεθνές Αεροδρόμιο Θεσσαλονίκης'),
  ('AviaMall Banners','χωρίς ιδιοκτήτη','0001-01-01',0,'Διεθνές Αεροδρόμιο Θεσσαλονίκης'),
  ('JetStream Advertising','Γιώργος Παπανδρέου', '2024-03-20', 2000.00, 'Ελευθέριος Βενιζέλος'),
  ('SkyConnect Digital Signage','χωρίς ιδιοκτήτη','0001-01-01',0,	'Ελευθέριος Βενιζέλος'),
  ('AeroAds Plaza','Αναστασία Μαρίνου', '2023-08-10', 1200.25, 'Κρατικός Αερολιμένας Χανίων'),
  ('AirPromote Interactive Displays','χωρίς ιδιοκτήτη','0001-01-01',0,'Κρατικός Αερολιμένας Χανίων'),
  ('WingSpan Media','Νίκος Καραμανλής', '2022-09-30', 1800.80, 'Κρατικός Αερολιμένας Ρόδου');
  

CREATE TABLE `Τεστ Αεροπλάνων` (
    `Μέρος Αεροπλάνου προς εξέταση` varchar(255),
    `Όνομα τέστ` varchar(255) PRIMARY KEY,
    `Αριθμός Τμήματος Τεστ` int(10),
    `Όνομα Αεροδρομίου` varchar(255),
    `Αποτέλεσμα τεστ` varchar(255),
	FOREIGN KEY (`Αριθμός Τμήματος Τεστ`) REFERENCES `Τμήμα Τεστ` (`Αριθμός Τμήματος Τεστ`),
	FOREIGN KEY (`Όνομα Αεροδρομίου`) REFERENCES Αεροδρόμιο (Όνομα)
     );
INSERT INTO `Τεστ Αεροπλάνων` (`Μέρος Αεροπλάνου προς εξέταση`, `Όνομα τέστ`, `Αριθμός Τμήματος Τεστ`, `Όνομα Αεροδρομίου`,`Αποτέλεσμα τεστ`) 
VALUES
('Σύστημα Καυσίμου', 'Δοκιμή Αντλίας Καυσίμου', 2, 'Κρατικός Αερολιμένας Χανίων','επιτυχής'),
('Περιβαλλοντική Επίδοση', 'Δοκιμή Εκπομπών Καυσαερίων', 3, 'Αεροδρόμιο Ηρακλείου "Νίκος Καζαντζάκης"','επιτυχής'),
('Ηλεκτρικά Συστήματα', 'Δοκιμή Συστήματος Φωτισμού', 1, 'Διεθνές Αεροδρόμιο Θεσσαλονίκης','ανεπιτυχής'),
('Σύστημα Επικοινωνίας', 'Δοκιμή Ραδιοεπικοινωνίας', 4, 'Διεθνές Αεροδρόμιο Θεσσαλονίκης','επιτυχής'),
('Στατική Δοκιμή', 'Δοκιμή Δομικής Αντοχής', 5, 'Ελευθέριος Βενιζέλος','ανεπιτυχής');
    -- Πίνακας Αεροπλάνο:
CREATE TABLE Αεροπλάνο (
    Όνομα varchar(255) PRIMARY KEY,
    `Έτος Κατασκευής` int(10),
    `Τύπος καυσίμου` varchar(255), 
	τύπος varchar(255),
	`όνομα τεστ αεροπλάνου` varchar(255),
	FOREIGN KEY (`Τύπος καυσίμου`) REFERENCES Καύσιμα (Όνομα),
	FOREIGN KEY (τύπος) REFERENCES `Τύπος Αεροπλάνου`(τύπος),
    FOREIGN KEY (`όνομα τεστ αεροπλάνου`) REFERENCES `Τεστ Αεροπλάνων`(`Όνομα τέστ`)
);
INSERT INTO Αεροπλάνο (Όνομα, `Έτος Κατασκευής`, `Τύπος καυσίμου`,τύπος,`όνομα τεστ αεροπλάνου`)
VALUES
    ('Nebula Cruiser NC-300',2010,'Κηροζίνη', 'Επιβατικό','Δοκιμή Αντλίας Καυσίμου'),
    ('QuantumSky Voyager',2002,'Υδρογονάνθρακες', 'Επιβατικό','Δοκιμή Εκπομπών Καυσαερίων'),
    ('AeroX-2000',1940,'Υγραέριο','Στρατιωτικό','Δοκιμή Ραδιοεπικοινωνίας'),
    ('HyperJet X-5000',2018,'Κηροζίνη', 'Ιδιωτικό','Δοκιμή Συστήματος Φωτισμού'),
    ('StellarWing Vortex',2016,'Κηροζίνη','Επιβατικό','Δοκιμή Συστήματος Φωτισμού');
        -- Πίνακας Πτήση
CREATE TABLE Πτήση (
  `Αριθμός Πτήσης` int PRIMARY KEY ,
  `Εταιρία Αεροπλάνου` varchar(255),
  `Τύπος Πτήσης` varchar(255),
  `Πόλη προέλευσης` varchar(255),
  `Πόλη προορισμού` varchar(255),
  `Ημερομηνία πτήσης` date,
  `Πλήρωμα - Αριθμός μελών πληρώματος` int(11),
  `κωδικός πύλης εξόδου` bigint(11),
  `όνομα αεροπλάνου` varchar(255),
  FOREIGN KEY (`κωδικός πύλης εξόδου`) REFERENCES Πύλη (Κωδικός),
  FOREIGN KEY (`όνομα αεροπλάνου`) REFERENCES Αεροπλάνο (Όνομα)
);
-- Εισαγωγή τυχαίων δεδομένων στον πίνακα Πτήση
INSERT INTO Πτήση (`Αριθμός Πτήσης`, `Εταιρία Αεροπλάνου`, `Τύπος Πτήσης`, `Πόλη προέλευσης`, `Πόλη προορισμού`, `Ημερομηνία πτήσης`, `Πλήρωμα - Αριθμός μελών πληρώματος`,`κωδικός πύλης εξόδου`,`όνομα αεροπλάνου`)
VALUES
  (1324, 'Olympic Air', 'Αφιχθείσα', 'Αθήνα', 'Θεσσαλονίκη', '2023-03-18 13:15:00', 1,2468135790,'Nebula Cruiser NC-300'),
  (2232, 'Aegean Airlines', 'Αναχωρούσα', 'Ρόδος', 'Αθήνα', '2023-04-17 15:30:00', 3,1357924680,'StellarWing Vortex'),
  (323, 'Ryanair', 'Αναχωρούσα', 'Αθήνα', 'Κέρκυρα', '2023-06-13 18:45:00', 3,5678901234,'Nebula Cruiser NC-300'),
  (422, 'Olympic Air', 'Αφιχθείσα', 'Καλαμάτα', 'Ηράκλειο', '2023-05-22 20:15:00', 2,9876543210,'StellarWing Vortex'),
  (2442, 'Ryanair', 'Αναχωρούσα', 'Αθήνα', 'Κέρκυρα', '2023-06-13 12:00:00', 5,1234567890,'StellarWing Vortex'),
  (523, 'Aegean Airlines', 'Αφιχθείσα', 'Καλαμάτα', 'Αθήνα', '2023-04-17  17:45:00', 3,5678901234,'Nebula Cruiser NC-300'),
  (172, 'Aegean Airlines', 'Αφιχθείσα', 'Ηράκλειο', 'Αθήνα', '2023-04-17 19:15:00', 2,9876543210,'QuantumSky Voyager'),
  (463, 'Ryanair', 'Αναχωρούσα', 'Αθήνα', 'Κέρκυρα', '2023-06-13 11:10:00', 5,1234567890,'StellarWing Vortex'),
  (223, 'Aegean Airlines', 'Αφιχθείσα', 'Κέρκυρα', 'Σαντορίνη', '2023-04-17 14:45:00', 3,5678901234,'QuantumSky Voyager'),
  (162, 'Olympic Air', 'Αφιχθείσα', 'Καλαμάτα', 'Αθήνα', '2023-05-22 22:05:00', 2,9876543210,'Nebula Cruiser NC-300'),
  (142, 'Ryanair', 'Αφιχθείσα', 'Αθήνα', 'Κέρκυρα', '2023-03-18 07:30:00', 5,1234567890,'Nebula Cruiser NC-300');


-- Πίνακας: περίπτερα εξυπηρέτησης πελατών
CREATE TABLE `περίπτερα εξυπηρέτησης πελατών` (
    id int(10) PRIMARY KEY,
    `όνομα αεροδρομίου` varchar(255),
    FOREIGN KEY (`όνομα αεροδρομίου`) REFERENCES Αεροδρόμιο (Όνομα)
);

INSERT INTO `περίπτερα εξυπηρέτησης πελατών` (id ,`όνομα αεροδρομίου`)
VALUES
  (243,'Αεροδρόμιο Ηρακλείου "Νίκος Καζαντζάκης"'),
  (233,'Κρατικός Αερολιμένας Ρόδου'),
  (213,'Διεθνές Αεροδρόμιο Θεσσαλονίκης'),
  (142,'Κρατικός Αερολιμένας Χανίων'),
  (125,'Αεροδρόμιο Ηρακλείου "Νίκος Καζαντζάκης"');
  
-- Πίνακας Πλήρωμα: 
CREATE TABLE Πλήρωμα (
	`Εξειδίκευση πληρώματος` varchar(255),
    `Βαθμός` int(10),
    `αριθμός πτήσης` int(10),
    `Όνομα ξενοδοχείου` varchar(255),
	FOREIGN KEY (`αριθμός πτήσης`) REFERENCES Πτήση(`Αριθμός Πτήσης`), 
    FOREIGN KEY (`Όνομα ξενοδοχείου`) REFERENCES `Ξενοδοχείο Προσωπικού`(`Όνομα ξενοδοχείου`) 
);
INSERT INTO Πλήρωμα (`Εξειδίκευση πληρώματος`,`Βαθμός`,`αριθμός πτήσης`,`Όνομα ξενοδοχείου`)
VALUES
    ('Πιλότος', 1, 422, 'Ξενοδοχείο Ακρόπολις'),
    ('Αεροσυνοδός', 5, 323, 'Ξενοδοχείο Θάλασσα'),
    ('Πιλότος', 4, 422, 'Ξενοδοχείο Ακρόπολις'),
    ('Αεροσυνοδός', 2, 422, 'Ξενοδοχείο Ακρόπολις'),
    ('Αεροσυνοδός', 1, 422, 'Ξενοδοχείο Πελάγος'),
    ('Αεροσυνοδός', 5, 1324, 'Ξενοδοχείο Πελάγος'),
    ('Αεροσυνοδός', 3, 2442, 'Ξενοδοχείο Ολύμπιον'),
    ('Αεροσυνοδός', 1, 2442, 'Ξενοδοχείο Ολύμπιον'),
    ('Πιλότος', 2, 2442, 'Ξενοδοχείο Ολύμπιον'),
    ('Αεροσυνοδός', 1, 323, 'Ξενοδοχείο Θάλασσα'),
    ('Πιλότος', 2, 2442, 'Ξενοδοχείο Ολύμπιον'),
    ('Πιλότος', 3, 1324, 'Ξενοδοχείο Πελάγος'),
    ('Πιλότος', 5, 1324, 'Ξενοδοχείο Πελάγος'),
    ('Αεροσυνοδός', 3, 1324, 'Ξενοδοχείο Πελάγος'),
    ('Αεροσυνοδός', 4, 1324, 'Ξενοδοχείο Πελάγος'),
    ('Πιλότος', 2, 323, 'Ξενοδοχείο Θάλασσα'),
    ('Πιλότος', 5, 323, 'Ξενοδοχείο Θάλασσα');
 -- Πίνακας Επιβάτες:
CREATE TABLE Επιβάτες (
    `Απόδειξη αποσκευών` varchar(255),
    Ονοματεπώνυμο varchar(255) PRIMARY KEY,
    `Μοναδικός αριθμός εισιτηρίου` int(10),
    `Αριθμός Πτήσης` int(10),
    FOREIGN KEY (`Αριθμός Πτήσης`) REFERENCES Πτήση (`Αριθμός Πτήσης`)
);
INSERT INTO Επιβάτες (`Απόδειξη αποσκευών`, Ονοματεπώνυμο, `Μοναδικός αριθμός εισιτηρίου`, `Αριθμός Πτήσης`)
VALUES
    ('ΑΒ123', 'Γεωργίου Αθανάσιος', 12416, 1324),
	('ΓΔ456', 'Παπαδοπούλου Μαρία', 65342, 2232),
	('ΕΖ789', 'Κωνσταντίνου Νικόλαος', 91165, 2232),
	('ΗΘ012', 'Πέτρου Ελένη', 21034, 162),
	('ΙΚ345', 'Σταματίου Αντώνης', 54141, 162),
	('ΛΘ678', 'Ανδρέου Αικατερίνη', 81354, 1324),
	('ΜΝ901', 'Καραγιάννης Δημήτριος', 13387, 172),
	('ΞΟ234', 'Δημητρίου Σοφία', 43255, 422),
	('ΠΠ567', 'Παναγιώτου Ευαγγελία', 71543, 2232),
	('ΡΣ890', 'Παπανδρέου Αλέξανδρος', 90817, 463),
	('ΤΤ123', 'Μιχαηλίδη Αικατερίνη', 30009, 422),
	('ΥΦ456', 'Αναστασίου Γεώργιος', 87998, 523),
	('ΦΧ789', 'Καραμανλή Αναστασία', 98762, 142),
	('ΨΨ012', 'Δημόπουλος Ιωάννης', 67876, 223),
	('ΩΩ345', 'Κυριακοπούλου Σοφία', 54480, 523);
